Lucas Andrade,lucas.andrade@gmail.com,1234,A25395
Rafael Silva,rafael.silva@yahoo.com,1234,A25630
Beatriz Oliveira ,beatriz.oliveira@outlook.com,1234,A25701
Joao Pereira,joao.pereira@gmail.com,1234,A25930
Camila Santos,camila.santos@icloud.com,1234,A26031
Pedro Lima,pedro.lima@hotmail.com,1234,A26253
Larissa Almeida,larissa.almeida@gmail.com,1234,A26342
Felipe Rodrigues,felipe.rodrigues@yahoo.com,1234,A26423
Aline Souza,aline.souza@outlook.com,1234,A26498
Zion Rodrigues,zion@gmail.com,1234,A27373
carlos silva,carlos@gmail.com,1234,A27596
